size_bytes	path
724	results/S2b/analysis.log
7	results/S2b/driver.log
64874	results/S2b/pair_checks_seed0.json
64889	results/S2b/pair_checks_seed1.json
737	results/S2b/PREREG_FROZEN.txt
13944	results/S2b_rng_validation/det_full_gpu1/crn_validation.json
319	results/S2b_rng_validation/det_full_gpu1.log
2167	results/S2b_rng_validation/det_full_gpu1/manifest.json
29458	results/S2b_rng_validation/det_full_gpu1/stock_actions.npz
7803	results/S2b_rng_validation/det_ref_gpu0/crn_validation.json
175	results/S2b_rng_validation/det_ref_gpu0.log
2050	results/S2b_rng_validation/det_ref_gpu0/manifest.json
29458	results/S2b_rng_validation/det_ref_gpu0/stock_actions.npz
7945	results/S2b_rng_validation/det_rep_gpu0/crn_validation.json
276	results/S2b_rng_validation/det_rep_gpu0.log
2177	results/S2b_rng_validation/det_rep_gpu0/manifest.json
29458	results/S2b_rng_validation/det_rep_gpu0/stock_actions.npz
7945	results/S2b_rng_validation/det_rep_gpu1/crn_validation.json
276	results/S2b_rng_validation/det_rep_gpu1.log
2177	results/S2b_rng_validation/det_rep_gpu1/manifest.json
29458	results/S2b_rng_validation/det_rep_gpu1/stock_actions.npz
1272	results/S2b_rng_validation/e2e/pair_checks.json
8511400	results/S2b_rng_validation/e2e/runA/B/attn/task13_init000.npz
899	results/S2b_rng_validation/e2e/runA/B/client.log
73714	results/S2b_rng_validation/e2e/runA/B/episodes.jsonl
899	results/S2b_rng_validation/e2e/runA_B.log
3038	results/S2b_rng_validation/e2e/runA/B/manifest.json
2178	results/S2b_rng_validation/e2e/runA/B/server.log
28756257	results/S2b_rng_validation/e2e/runA/S/attn/task13_init000.npz
901	results/S2b_rng_validation/e2e/runA/S/client.log
453966	results/S2b_rng_validation/e2e/runA/S/episodes.jsonl
901	results/S2b_rng_validation/e2e/runA_S.log
3110	results/S2b_rng_validation/e2e/runA/S/manifest.json
2237	results/S2b_rng_validation/e2e/runA/S/server.log
8511400	results/S2b_rng_validation/e2e/runB/B/attn/task13_init000.npz
899	results/S2b_rng_validation/e2e/runB/B/client.log
73724	results/S2b_rng_validation/e2e/runB/B/episodes.jsonl
899	results/S2b_rng_validation/e2e/runB_B.log
3039	results/S2b_rng_validation/e2e/runB/B/manifest.json
2178	results/S2b_rng_validation/e2e/runB/B/server.log
13795	results/S2b_rng_validation/gpu0_full/crn_validation.json
218	results/S2b_rng_validation/gpu0_full.log
2033	results/S2b_rng_validation/gpu0_full/manifest.json
29458	results/S2b_rng_validation/gpu0_full/stock_actions.npz
7937	results/S2b_rng_validation/gpu0_stock_repeat/crn_validation.json
273	results/S2b_rng_validation/gpu0_stock_repeat.log
2182	results/S2b_rng_validation/gpu0_stock_repeat/manifest.json
29458	results/S2b_rng_validation/gpu0_stock_repeat/stock_actions.npz
7938	results/S2b_rng_validation/gpu1_stock_repeat/crn_validation.json
273	results/S2b_rng_validation/gpu1_stock_repeat.log
2181	results/S2b_rng_validation/gpu1_stock_repeat/manifest.json
29458	results/S2b_rng_validation/gpu1_stock_repeat/stock_actions.npz
10950	results/S2b/s2b_exploratory.json
442508	results/S2b/s2b_summary.json
7433181	results/S2b/seed0/B/attn/task00_init020.npz
15554669	results/S2b/seed0/B/attn/task00_init021.npz
15563139	results/S2b/seed0/B/attn/task00_init022.npz
5303261	results/S2b/seed0/B/attn/task00_init023.npz
5306187	results/S2b/seed0/B/attn/task00_init024.npz
5306753	results/S2b/seed0/B/attn/task00_init025.npz
8134426	results/S2b/seed0/B/attn/task00_init026.npz
7775354	results/S2b/seed0/B/attn/task00_init027.npz
9900553	results/S2b/seed0/B/attn/task00_init028.npz
5311445	results/S2b/seed0/B/attn/task00_init029.npz
6374247	results/S2b/seed0/B/attn/task01_init020.npz
5666037	results/S2b/seed0/B/attn/task01_init021.npz
5672463	results/S2b/seed0/B/attn/task01_init022.npz
5659628	results/S2b/seed0/B/attn/task01_init023.npz
4962684	results/S2b/seed0/B/attn/task01_init024.npz
5657384	results/S2b/seed0/B/attn/task01_init025.npz
5313823	results/S2b/seed0/B/attn/task01_init026.npz
5663941	results/S2b/seed0/B/attn/task01_init027.npz
5316542	results/S2b/seed0/B/attn/task01_init028.npz
5317761	results/S2b/seed0/B/attn/task01_init029.npz
7768980	results/S2b/seed0/B/attn/task02_init020.npz
9900916	results/S2b/seed0/B/attn/task02_init021.npz
7073510	results/S2b/seed0/B/attn/task02_init022.npz
7426773	results/S2b/seed0/B/attn/task02_init023.npz
7073031	results/S2b/seed0/B/attn/task02_init024.npz
7424389	results/S2b/seed0/B/attn/task02_init025.npz
7778980	results/S2b/seed0/B/attn/task02_init026.npz
7433891	results/S2b/seed0/B/attn/task02_init027.npz
10948230	results/S2b/seed0/B/attn/task02_init028.npz
7429882	results/S2b/seed0/B/attn/task02_init029.npz
7423224	results/S2b/seed0/B/attn/task03_init020.npz
6713680	results/S2b/seed0/B/attn/task03_init021.npz
6725267	results/S2b/seed0/B/attn/task03_init022.npz
7068047	results/S2b/seed0/B/attn/task03_init023.npz
6723241	results/S2b/seed0/B/attn/task03_init024.npz
6365778	results/S2b/seed0/B/attn/task03_init025.npz
6717541	results/S2b/seed0/B/attn/task03_init026.npz
6361346	results/S2b/seed0/B/attn/task03_init027.npz
6715194	results/S2b/seed0/B/attn/task03_init028.npz
6371760	results/S2b/seed0/B/attn/task03_init029.npz
7064330	results/S2b/seed0/B/attn/task04_init020.npz
6006120	results/S2b/seed0/B/attn/task04_init021.npz
6004344	results/S2b/seed0/B/attn/task04_init022.npz
6001344	results/S2b/seed0/B/attn/task04_init023.npz
7065376	results/S2b/seed0/B/attn/task04_init024.npz
6365550	results/S2b/seed0/B/attn/task04_init025.npz
7057918	results/S2b/seed0/B/attn/task04_init026.npz
6702262	results/S2b/seed0/B/attn/task04_init027.npz
6364997	results/S2b/seed0/B/attn/task04_init028.npz
6716634	results/S2b/seed0/B/attn/task04_init029.npz
15563854	results/S2b/seed0/B/attn/task05_init020.npz
15537634	results/S2b/seed0/B/attn/task05_init021.npz
8827250	results/S2b/seed0/B/attn/task05_init022.npz
9206162	results/S2b/seed0/B/attn/task05_init023.npz
9168988	results/S2b/seed0/B/attn/task05_init024.npz
15538523	results/S2b/seed0/B/attn/task05_init025.npz
15552310	results/S2b/seed0/B/attn/task05_init026.npz
15535984	results/S2b/seed0/B/attn/task05_init027.npz
8843499	results/S2b/seed0/B/attn/task05_init028.npz
8479511	results/S2b/seed0/B/attn/task05_init029.npz
6034590	results/S2b/seed0/B/attn/task06_init020.npz
5667622	results/S2b/seed0/B/attn/task06_init021.npz
5684875	results/S2b/seed0/B/attn/task06_init022.npz
5666365	results/S2b/seed0/B/attn/task06_init023.npz
6020180	results/S2b/seed0/B/attn/task06_init024.npz
14482638	results/S2b/seed0/B/attn/task06_init025.npz
5674199	results/S2b/seed0/B/attn/task06_init026.npz
6381031	results/S2b/seed0/B/attn/task06_init027.npz
6729839	results/S2b/seed0/B/attn/task06_init028.npz
6379062	results/S2b/seed0/B/attn/task06_init029.npz
9185600	results/S2b/seed0/B/attn/task07_init020.npz
8834811	results/S2b/seed0/B/attn/task07_init021.npz
9903731	results/S2b/seed0/B/attn/task07_init022.npz
7781493	results/S2b/seed0/B/attn/task07_init023.npz
7071040	results/S2b/seed0/B/attn/task07_init024.npz
15535636	results/S2b/seed0/B/attn/task07_init025.npz
14103063	results/S2b/seed0/B/attn/task07_init026.npz
15521099	results/S2b/seed0/B/attn/task07_init027.npz
7426502	results/S2b/seed0/B/attn/task07_init028.npz
7432968	results/S2b/seed0/B/attn/task07_init029.npz
7783101	results/S2b/seed0/B/attn/task08_init020.npz
8132049	results/S2b/seed0/B/attn/task08_init021.npz
7422310	results/S2b/seed0/B/attn/task08_init022.npz
8129511	results/S2b/seed0/B/attn/task08_init023.npz
7420844	results/S2b/seed0/B/attn/task08_init024.npz
7426545	results/S2b/seed0/B/attn/task08_init025.npz
7073543	results/S2b/seed0/B/attn/task08_init026.npz
7769950	results/S2b/seed0/B/attn/task08_init027.npz
7422601	results/S2b/seed0/B/attn/task08_init028.npz
7418445	results/S2b/seed0/B/attn/task08_init029.npz
8140563	results/S2b/seed0/B/attn/task09_init020.npz
15572193	results/S2b/seed0/B/attn/task09_init021.npz
7438263	results/S2b/seed0/B/attn/task09_init022.npz
8146735	results/S2b/seed0/B/attn/task09_init023.npz
9205751	results/S2b/seed0/B/attn/task09_init024.npz
6730192	results/S2b/seed0/B/attn/task09_init025.npz
10264333	results/S2b/seed0/B/attn/task09_init026.npz
8505847	results/S2b/seed0/B/attn/task09_init027.npz
7787599	results/S2b/seed0/B/attn/task09_init028.npz
15555934	results/S2b/seed0/B/attn/task09_init029.npz
8814288	results/S2b/seed0/B/attn/task10_init020.npz
10957494	results/S2b/seed0/B/attn/task10_init021.npz
9531331	results/S2b/seed0/B/attn/task10_init022.npz
9175562	results/S2b/seed0/B/attn/task10_init023.npz
15521968	results/S2b/seed0/B/attn/task10_init024.npz
8116528	results/S2b/seed0/B/attn/task10_init025.npz
10613047	results/S2b/seed0/B/attn/task10_init026.npz
9537157	results/S2b/seed0/B/attn/task10_init027.npz
11647240	results/S2b/seed0/B/attn/task10_init028.npz
9171342	results/S2b/seed0/B/attn/task10_init029.npz
7437777	results/S2b/seed0/B/attn/task11_init020.npz
7079692	results/S2b/seed0/B/attn/task11_init021.npz
7439000	results/S2b/seed0/B/attn/task11_init022.npz
7080024	results/S2b/seed0/B/attn/task11_init023.npz
6735188	results/S2b/seed0/B/attn/task11_init024.npz
6732131	results/S2b/seed0/B/attn/task11_init025.npz
6735111	results/S2b/seed0/B/attn/task11_init026.npz
6373177	results/S2b/seed0/B/attn/task11_init027.npz
7085961	results/S2b/seed0/B/attn/task11_init028.npz
6022264	results/S2b/seed0/B/attn/task11_init029.npz
8501730	results/S2b/seed0/B/attn/task12_init020.npz
8489680	results/S2b/seed0/B/attn/task12_init021.npz
9217354	results/S2b/seed0/B/attn/task12_init022.npz
8500429	results/S2b/seed0/B/attn/task12_init023.npz
8155907	results/S2b/seed0/B/attn/task12_init024.npz
15590568	results/S2b/seed0/B/attn/task12_init025.npz
6024586	results/S2b/seed0/B/attn/task12_init026.npz
8140987	results/S2b/seed0/B/attn/task12_init027.npz
8157198	results/S2b/seed0/B/attn/task12_init028.npz
8500877	results/S2b/seed0/B/attn/task12_init029.npz
14442	results/S2b/seed0/B/client.log
14442	results/S2b/seed0.B.driver.log
9498793	results/S2b/seed0/B/episodes.jsonl
3241	results/S2b/seed0/B/manifest.json
2178	results/S2b/seed0/B/server.log
13745772	results/S2b/seed0/S/attn/task00_init020.npz
13736127	results/S2b/seed0/S/attn/task00_init021.npz
22873254	results/S2b/seed0/S/attn/task00_init022.npz
11111991	results/S2b/seed0/S/attn/task00_init023.npz
28762461	results/S2b/seed0/S/attn/task00_init024.npz
13078559	results/S2b/seed0/S/attn/task00_init025.npz
13730081	results/S2b/seed0/S/attn/task00_init026.npz
13073504	results/S2b/seed0/S/attn/task00_init027.npz
12425574	results/S2b/seed0/S/attn/task00_init028.npz
13758982	results/S2b/seed0/S/attn/task00_init029.npz
11139813	results/S2b/seed0/S/attn/task01_init020.npz
9166819	results/S2b/seed0/S/attn/task01_init021.npz
9825736	results/S2b/seed0/S/attn/task01_init022.npz
10462055	results/S2b/seed0/S/attn/task01_init023.npz
9174796	results/S2b/seed0/S/attn/task01_init024.npz
9810640	results/S2b/seed0/S/attn/task01_init025.npz
9176376	results/S2b/seed0/S/attn/task01_init026.npz
9824263	results/S2b/seed0/S/attn/task01_init027.npz
9167913	results/S2b/seed0/S/attn/task01_init028.npz
9822460	results/S2b/seed0/S/attn/task01_init029.npz
28727518	results/S2b/seed0/S/attn/task02_init020.npz
13075614	results/S2b/seed0/S/attn/task02_init021.npz
15045399	results/S2b/seed0/S/attn/task02_init022.npz
13075442	results/S2b/seed0/S/attn/task02_init023.npz
13078559	results/S2b/seed0/S/attn/task02_init024.npz
13079564	results/S2b/seed0/S/attn/task02_init025.npz
11775554	results/S2b/seed0/S/attn/task02_init026.npz
13736591	results/S2b/seed0/S/attn/task02_init027.npz
13741051	results/S2b/seed0/S/attn/task02_init028.npz
15698440	results/S2b/seed0/S/attn/task02_init029.npz
13091577	results/S2b/seed0/S/attn/task03_init020.npz
20276358	results/S2b/seed0/S/attn/task03_init021.npz
11777770	results/S2b/seed0/S/attn/task03_init022.npz
13067323	results/S2b/seed0/S/attn/task03_init023.npz
13057969	results/S2b/seed0/S/attn/task03_init024.npz
11772559	results/S2b/seed0/S/attn/task03_init025.npz
11761444	results/S2b/seed0/S/attn/task03_init026.npz
11771854	results/S2b/seed0/S/attn/task03_init027.npz
12428488	results/S2b/seed0/S/attn/task03_init028.npz
11128191	results/S2b/seed0/S/attn/task03_init029.npz
13074214	results/S2b/seed0/S/attn/task04_init020.npz
28755712	results/S2b/seed0/S/attn/task04_init021.npz
11105008	results/S2b/seed0/S/attn/task04_init022.npz
12426396	results/S2b/seed0/S/attn/task04_init023.npz
16984028	results/S2b/seed0/S/attn/task04_init024.npz
11771875	results/S2b/seed0/S/attn/task04_init025.npz
28705481	results/S2b/seed0/S/attn/task04_init026.npz
11099425	results/S2b/seed0/S/attn/task04_init027.npz
11776248	results/S2b/seed0/S/attn/task04_init028.npz
22228773	results/S2b/seed0/S/attn/task04_init029.npz
28788716	results/S2b/seed0/S/attn/task05_init020.npz
28727390	results/S2b/seed0/S/attn/task05_init021.npz
16991737	results/S2b/seed0/S/attn/task05_init022.npz
17686814	results/S2b/seed0/S/attn/task05_init023.npz
28714569	results/S2b/seed0/S/attn/task05_init024.npz
28781367	results/S2b/seed0/S/attn/task05_init025.npz
28770567	results/S2b/seed0/S/attn/task05_init026.npz
28775029	results/S2b/seed0/S/attn/task05_init027.npz
17022622	results/S2b/seed0/S/attn/task05_init028.npz
16338352	results/S2b/seed0/S/attn/task05_init029.npz
11799313	results/S2b/seed0/S/attn/task06_init020.npz
11142723	results/S2b/seed0/S/attn/task06_init021.npz
11144159	results/S2b/seed0/S/attn/task06_init022.npz
10479676	results/S2b/seed0/S/attn/task06_init023.npz
11136599	results/S2b/seed0/S/attn/task06_init024.npz
11133237	results/S2b/seed0/S/attn/task06_init025.npz
10484083	results/S2b/seed0/S/attn/task06_init026.npz
11779449	results/S2b/seed0/S/attn/task06_init027.npz
11140061	results/S2b/seed0/S/attn/task06_init028.npz
11140195	results/S2b/seed0/S/attn/task06_init029.npz
12432529	results/S2b/seed0/S/attn/task07_init020.npz
13083061	results/S2b/seed0/S/attn/task07_init021.npz
28725456	results/S2b/seed0/S/attn/task07_init022.npz
12421049	results/S2b/seed0/S/attn/task07_init023.npz
28787504	results/S2b/seed0/S/attn/task07_init024.npz
28740866	results/S2b/seed0/S/attn/task07_init025.npz
12417776	results/S2b/seed0/S/attn/task07_init026.npz
13072820	results/S2b/seed0/S/attn/task07_init027.npz
12425211	results/S2b/seed0/S/attn/task07_init028.npz
28809566	results/S2b/seed0/S/attn/task07_init029.npz
13728907	results/S2b/seed0/S/attn/task08_init020.npz
14390468	results/S2b/seed0/S/attn/task08_init021.npz
11764664	results/S2b/seed0/S/attn/task08_init022.npz
13081016	results/S2b/seed0/S/attn/task08_init023.npz
13078221	results/S2b/seed0/S/attn/task08_init024.npz
13733401	results/S2b/seed0/S/attn/task08_init025.npz
12432654	results/S2b/seed0/S/attn/task08_init026.npz
28782549	results/S2b/seed0/S/attn/task08_init027.npz
12435743	results/S2b/seed0/S/attn/task08_init028.npz
28819900	results/S2b/seed0/S/attn/task08_init029.npz
13742617	results/S2b/seed0/S/attn/task09_init020.npz
13095976	results/S2b/seed0/S/attn/task09_init021.npz
28781736	results/S2b/seed0/S/attn/task09_init022.npz
14398856	results/S2b/seed0/S/attn/task09_init023.npz
13756119	results/S2b/seed0/S/attn/task09_init024.npz
13093177	results/S2b/seed0/S/attn/task09_init025.npz
13083541	results/S2b/seed0/S/attn/task09_init026.npz
14409835	results/S2b/seed0/S/attn/task09_init027.npz
15065815	results/S2b/seed0/S/attn/task09_init028.npz
20937891	results/S2b/seed0/S/attn/task09_init029.npz
15684788	results/S2b/seed0/S/attn/task10_init020.npz
18311486	results/S2b/seed0/S/attn/task10_init021.npz
16340737	results/S2b/seed0/S/attn/task10_init022.npz
17001546	results/S2b/seed0/S/attn/task10_init023.npz
15694703	results/S2b/seed0/S/attn/task10_init024.npz
13712611	results/S2b/seed0/S/attn/task10_init025.npz
24836383	results/S2b/seed0/S/attn/task10_init026.npz
17624638	results/S2b/seed0/S/attn/task10_init027.npz
21553516	results/S2b/seed0/S/attn/task10_init028.npz
28730790	results/S2b/seed0/S/attn/task10_init029.npz
14402512	results/S2b/seed0/S/attn/task11_init020.npz
13088558	results/S2b/seed0/S/attn/task11_init021.npz
14406447	results/S2b/seed0/S/attn/task11_init022.npz
13094802	results/S2b/seed0/S/attn/task11_init023.npz
12439242	results/S2b/seed0/S/attn/task11_init024.npz
11797220	results/S2b/seed0/S/attn/task11_init025.npz
11786900	results/S2b/seed0/S/attn/task11_init026.npz
11786108	results/S2b/seed0/S/attn/task11_init027.npz
11795894	results/S2b/seed0/S/attn/task11_init028.npz
11789825	results/S2b/seed0/S/attn/task11_init029.npz
15052202	results/S2b/seed0/S/attn/task12_init020.npz
18304157	results/S2b/seed0/S/attn/task12_init021.npz
16391111	results/S2b/seed0/S/attn/task12_init022.npz
15063573	results/S2b/seed0/S/attn/task12_init023.npz
15042616	results/S2b/seed0/S/attn/task12_init024.npz
15729508	results/S2b/seed0/S/attn/task12_init025.npz
11135075	results/S2b/seed0/S/attn/task12_init026.npz
17010562	results/S2b/seed0/S/attn/task12_init027.npz
15075200	results/S2b/seed0/S/attn/task12_init028.npz
13734076	results/S2b/seed0/S/attn/task12_init029.npz
14445	results/S2b/seed0/S/client.log
14445	results/S2b/seed0.S.driver.log
32504126	results/S2b/seed0/S/episodes.jsonl
3313	results/S2b/seed0/S/manifest.json
2237	results/S2b/seed0/S/server.log
7430375	results/S2b/seed1/B/attn/task00_init020.npz
7783368	results/S2b/seed1/B/attn/task00_init021.npz
15569716	results/S2b/seed1/B/attn/task00_init022.npz
5304549	results/S2b/seed1/B/attn/task00_init023.npz
5308343	results/S2b/seed1/B/attn/task00_init024.npz
5310527	results/S2b/seed1/B/attn/task00_init025.npz
7428687	results/S2b/seed1/B/attn/task00_init026.npz
7776154	results/S2b/seed1/B/attn/task00_init027.npz
10243659	results/S2b/seed1/B/attn/task00_init028.npz
5307751	results/S2b/seed1/B/attn/task00_init029.npz
6376120	results/S2b/seed1/B/attn/task01_init020.npz
5308013	results/S2b/seed1/B/attn/task01_init021.npz
5672167	results/S2b/seed1/B/attn/task01_init022.npz
5306379	results/S2b/seed1/B/attn/task01_init023.npz
4962452	results/S2b/seed1/B/attn/task01_init024.npz
5303593	results/S2b/seed1/B/attn/task01_init025.npz
5667243	results/S2b/seed1/B/attn/task01_init026.npz
5307462	results/S2b/seed1/B/attn/task01_init027.npz
5670734	results/S2b/seed1/B/attn/task01_init028.npz
5666354	results/S2b/seed1/B/attn/task01_init029.npz
7072398	results/S2b/seed1/B/attn/task02_init020.npz
10249943	results/S2b/seed1/B/attn/task02_init021.npz
8130203	results/S2b/seed1/B/attn/task02_init022.npz
7426745	results/S2b/seed1/B/attn/task02_init023.npz
7072999	results/S2b/seed1/B/attn/task02_init024.npz
7424652	results/S2b/seed1/B/attn/task02_init025.npz
7780194	results/S2b/seed1/B/attn/task02_init026.npz
7784498	results/S2b/seed1/B/attn/task02_init027.npz
7421906	results/S2b/seed1/B/attn/task02_init028.npz
7427106	results/S2b/seed1/B/attn/task02_init029.npz
7064789	results/S2b/seed1/B/attn/task03_init020.npz
6356955	results/S2b/seed1/B/attn/task03_init021.npz
6721153	results/S2b/seed1/B/attn/task03_init022.npz
6716235	results/S2b/seed1/B/attn/task03_init023.npz
6371186	results/S2b/seed1/B/attn/task03_init024.npz
6013887	results/S2b/seed1/B/attn/task03_init025.npz
6715433	results/S2b/seed1/B/attn/task03_init026.npz
6366919	results/S2b/seed1/B/attn/task03_init027.npz
7771381	results/S2b/seed1/B/attn/task03_init028.npz
6368667	results/S2b/seed1/B/attn/task03_init029.npz
7063134	results/S2b/seed1/B/attn/task04_init020.npz
6711243	results/S2b/seed1/B/attn/task04_init021.npz
6356494	results/S2b/seed1/B/attn/task04_init022.npz
6360186	results/S2b/seed1/B/attn/task04_init023.npz
7064162	results/S2b/seed1/B/attn/task04_init024.npz
8851964	results/S2b/seed1/B/attn/task04_init025.npz
6703443	results/S2b/seed1/B/attn/task04_init026.npz
6352187	results/S2b/seed1/B/attn/task04_init027.npz
7422419	results/S2b/seed1/B/attn/task04_init028.npz
7070224	results/S2b/seed1/B/attn/task04_init029.npz
15560939	results/S2b/seed1/B/attn/task05_init020.npz
15530737	results/S2b/seed1/B/attn/task05_init021.npz
9183701	results/S2b/seed1/B/attn/task05_init022.npz
15549445	results/S2b/seed1/B/attn/task05_init023.npz
9890890	results/S2b/seed1/B/attn/task05_init024.npz
15544623	results/S2b/seed1/B/attn/task05_init025.npz
15564755	results/S2b/seed1/B/attn/task05_init026.npz
15547714	results/S2b/seed1/B/attn/task05_init027.npz
9191404	results/S2b/seed1/B/attn/task05_init028.npz
8829288	results/S2b/seed1/B/attn/task05_init029.npz
6037641	results/S2b/seed1/B/attn/task06_init020.npz
9207840	results/S2b/seed1/B/attn/task06_init021.npz
5682922	results/S2b/seed1/B/attn/task06_init022.npz
5311379	results/S2b/seed1/B/attn/task06_init023.npz
6018827	results/S2b/seed1/B/attn/task06_init024.npz
6021447	results/S2b/seed1/B/attn/task06_init025.npz
5671950	results/S2b/seed1/B/attn/task06_init026.npz
5671833	results/S2b/seed1/B/attn/task06_init027.npz
5674578	results/S2b/seed1/B/attn/task06_init028.npz
5668823	results/S2b/seed1/B/attn/task06_init029.npz
8130603	results/S2b/seed1/B/attn/task07_init020.npz
11312136	results/S2b/seed1/B/attn/task07_init021.npz
7771457	results/S2b/seed1/B/attn/task07_init022.npz
7072389	results/S2b/seed1/B/attn/task07_init023.npz
7420178	results/S2b/seed1/B/attn/task07_init024.npz
7432087	results/S2b/seed1/B/attn/task07_init025.npz
8140539	results/S2b/seed1/B/attn/task07_init026.npz
7785641	results/S2b/seed1/B/attn/task07_init027.npz
7077879	results/S2b/seed1/B/attn/task07_init028.npz
7434426	results/S2b/seed1/B/attn/task07_init029.npz
7779131	results/S2b/seed1/B/attn/task08_init020.npz
15567685	results/S2b/seed1/B/attn/task08_init021.npz
8128480	results/S2b/seed1/B/attn/task08_init022.npz
7779038	results/S2b/seed1/B/attn/task08_init023.npz
8120143	results/S2b/seed1/B/attn/task08_init024.npz
7074186	results/S2b/seed1/B/attn/task08_init025.npz
7429462	results/S2b/seed1/B/attn/task08_init026.npz
15557145	results/S2b/seed1/B/attn/task08_init027.npz
7427212	results/S2b/seed1/B/attn/task08_init028.npz
7764768	results/S2b/seed1/B/attn/task08_init029.npz
7078260	results/S2b/seed1/B/attn/task09_init020.npz
9561231	results/S2b/seed1/B/attn/task09_init021.npz
7798714	results/S2b/seed1/B/attn/task09_init022.npz
14526746	results/S2b/seed1/B/attn/task09_init023.npz
7080706	results/S2b/seed1/B/attn/task09_init024.npz
8145345	results/S2b/seed1/B/attn/task09_init025.npz
8842431	results/S2b/seed1/B/attn/task09_init026.npz
8857751	results/S2b/seed1/B/attn/task09_init027.npz
8491665	results/S2b/seed1/B/attn/task09_init028.npz
15543035	results/S2b/seed1/B/attn/task09_init029.npz
8473338	results/S2b/seed1/B/attn/task10_init020.npz
7776450	results/S2b/seed1/B/attn/task10_init021.npz
9186817	results/S2b/seed1/B/attn/task10_init022.npz
9176968	results/S2b/seed1/B/attn/task10_init023.npz
8483375	results/S2b/seed1/B/attn/task10_init024.npz
8120412	results/S2b/seed1/B/attn/task10_init025.npz
8125416	results/S2b/seed1/B/attn/task10_init026.npz
10239607	results/S2b/seed1/B/attn/task10_init027.npz
9537759	results/S2b/seed1/B/attn/task10_init028.npz
9180359	results/S2b/seed1/B/attn/task10_init029.npz
7082070	results/S2b/seed1/B/attn/task11_init020.npz
6724312	results/S2b/seed1/B/attn/task11_init021.npz
6736849	results/S2b/seed1/B/attn/task11_init022.npz
6738016	results/S2b/seed1/B/attn/task11_init023.npz
7086774	results/S2b/seed1/B/attn/task11_init024.npz
6743194	results/S2b/seed1/B/attn/task11_init025.npz
7088052	results/S2b/seed1/B/attn/task11_init026.npz
6379007	results/S2b/seed1/B/attn/task11_init027.npz
7441576	results/S2b/seed1/B/attn/task11_init028.npz
6730074	results/S2b/seed1/B/attn/task11_init029.npz
8139916	results/S2b/seed1/B/attn/task12_init020.npz
15539723	results/S2b/seed1/B/attn/task12_init021.npz
8512453	results/S2b/seed1/B/attn/task12_init022.npz
8497918	results/S2b/seed1/B/attn/task12_init023.npz
7792314	results/S2b/seed1/B/attn/task12_init024.npz
8859150	results/S2b/seed1/B/attn/task12_init025.npz
7796424	results/S2b/seed1/B/attn/task12_init026.npz
8151494	results/S2b/seed1/B/attn/task12_init027.npz
8141641	results/S2b/seed1/B/attn/task12_init028.npz
8503154	results/S2b/seed1/B/attn/task12_init029.npz
14439	results/S2b/seed1/B/client.log
14439	results/S2b/seed1.B.driver.log
9257012	results/S2b/seed1/B/episodes.jsonl
3243	results/S2b/seed1/B/manifest.json
2178	results/S2b/seed1/B/server.log
14406065	results/S2b/seed1/S/attn/task00_init020.npz
17657887	results/S2b/seed1/S/attn/task00_init021.npz
28813708	results/S2b/seed1/S/attn/task00_init022.npz
9802943	results/S2b/seed1/S/attn/task00_init023.npz
14394453	results/S2b/seed1/S/attn/task00_init024.npz
9160810	results/S2b/seed1/S/attn/task00_init025.npz
28788704	results/S2b/seed1/S/attn/task00_init026.npz
28750152	results/S2b/seed1/S/attn/task00_init027.npz
28794691	results/S2b/seed1/S/attn/task00_init028.npz
14399592	results/S2b/seed1/S/attn/task00_init029.npz
11139466	results/S2b/seed1/S/attn/task01_init020.npz
9816615	results/S2b/seed1/S/attn/task01_init021.npz
10491260	results/S2b/seed1/S/attn/task01_init022.npz
10470239	results/S2b/seed1/S/attn/task01_init023.npz
9173503	results/S2b/seed1/S/attn/task01_init024.npz
9816189	results/S2b/seed1/S/attn/task01_init025.npz
10478320	results/S2b/seed1/S/attn/task01_init026.npz
10486618	results/S2b/seed1/S/attn/task01_init027.npz
9824557	results/S2b/seed1/S/attn/task01_init028.npz
10471798	results/S2b/seed1/S/attn/task01_init029.npz
13081105	results/S2b/seed1/S/attn/task02_init020.npz
13083899	results/S2b/seed1/S/attn/task02_init021.npz
13737170	results/S2b/seed1/S/attn/task02_init022.npz
13729317	results/S2b/seed1/S/attn/task02_init023.npz
13077601	results/S2b/seed1/S/attn/task02_init024.npz
13085799	results/S2b/seed1/S/attn/task02_init025.npz
13093800	results/S2b/seed1/S/attn/task02_init026.npz
13086959	results/S2b/seed1/S/attn/task02_init027.npz
13733293	results/S2b/seed1/S/attn/task02_init028.npz
15697312	results/S2b/seed1/S/attn/task02_init029.npz
13091227	results/S2b/seed1/S/attn/task03_init020.npz
22211863	results/S2b/seed1/S/attn/task03_init021.npz
11776738	results/S2b/seed1/S/attn/task03_init022.npz
13711033	results/S2b/seed1/S/attn/task03_init023.npz
28704309	results/S2b/seed1/S/attn/task03_init024.npz
11114766	results/S2b/seed1/S/attn/task03_init025.npz
11760573	results/S2b/seed1/S/attn/task03_init026.npz
11773949	results/S2b/seed1/S/attn/task03_init027.npz
12426617	results/S2b/seed1/S/attn/task03_init028.npz
11119640	results/S2b/seed1/S/attn/task03_init029.npz
13073374	results/S2b/seed1/S/attn/task04_init020.npz
12425244	results/S2b/seed1/S/attn/task04_init021.npz
11763787	results/S2b/seed1/S/attn/task04_init022.npz
11112758	results/S2b/seed1/S/attn/task04_init023.npz
13719015	results/S2b/seed1/S/attn/task04_init024.npz
11779320	results/S2b/seed1/S/attn/task04_init025.npz
12395597	results/S2b/seed1/S/attn/task04_init026.npz
10447399	results/S2b/seed1/S/attn/task04_init027.npz
12431167	results/S2b/seed1/S/attn/task04_init028.npz
18333262	results/S2b/seed1/S/attn/task04_init029.npz
28794281	results/S2b/seed1/S/attn/task05_init020.npz
28746326	results/S2b/seed1/S/attn/task05_init021.npz
16989595	results/S2b/seed1/S/attn/task05_init022.npz
28802284	results/S2b/seed1/S/attn/task05_init023.npz
28759900	results/S2b/seed1/S/attn/task05_init024.npz
21575562	results/S2b/seed1/S/attn/task05_init025.npz
28799461	results/S2b/seed1/S/attn/task05_init026.npz
28792741	results/S2b/seed1/S/attn/task05_init027.npz
16367291	results/S2b/seed1/S/attn/task05_init028.npz
15693115	results/S2b/seed1/S/attn/task05_init029.npz
11142433	results/S2b/seed1/S/attn/task06_init020.npz
11143632	results/S2b/seed1/S/attn/task06_init021.npz
11792261	results/S2b/seed1/S/attn/task06_init022.npz
9822794	results/S2b/seed1/S/attn/task06_init023.npz
11138713	results/S2b/seed1/S/attn/task06_init024.npz
11138769	results/S2b/seed1/S/attn/task06_init025.npz
10490719	results/S2b/seed1/S/attn/task06_init026.npz
10479147	results/S2b/seed1/S/attn/task06_init027.npz
11143806	results/S2b/seed1/S/attn/task06_init028.npz
10484678	results/S2b/seed1/S/attn/task06_init029.npz
12438527	results/S2b/seed1/S/attn/task07_init020.npz
13078819	results/S2b/seed1/S/attn/task07_init021.npz
13724438	results/S2b/seed1/S/attn/task07_init022.npz
13078477	results/S2b/seed1/S/attn/task07_init023.npz
13088926	results/S2b/seed1/S/attn/task07_init024.npz
13092638	results/S2b/seed1/S/attn/task07_init025.npz
12420480	results/S2b/seed1/S/attn/task07_init026.npz
13090930	results/S2b/seed1/S/attn/task07_init027.npz
13084694	results/S2b/seed1/S/attn/task07_init028.npz
13084060	results/S2b/seed1/S/attn/task07_init029.npz
14387047	results/S2b/seed1/S/attn/task08_init020.npz
12436982	results/S2b/seed1/S/attn/task08_init021.npz
11769114	results/S2b/seed1/S/attn/task08_init022.npz
13080227	results/S2b/seed1/S/attn/task08_init023.npz
12420324	results/S2b/seed1/S/attn/task08_init024.npz
13079239	results/S2b/seed1/S/attn/task08_init025.npz
13071650	results/S2b/seed1/S/attn/task08_init026.npz
28755233	results/S2b/seed1/S/attn/task08_init027.npz
12431483	results/S2b/seed1/S/attn/task08_init028.npz
13081739	results/S2b/seed1/S/attn/task08_init029.npz
13741891	results/S2b/seed1/S/attn/task09_init020.npz
13099275	results/S2b/seed1/S/attn/task09_init021.npz
28766871	results/S2b/seed1/S/attn/task09_init022.npz
14398077	results/S2b/seed1/S/attn/task09_init023.npz
13099374	results/S2b/seed1/S/attn/task09_init024.npz
13100752	results/S2b/seed1/S/attn/task09_init025.npz
14394716	results/S2b/seed1/S/attn/task09_init026.npz
14393217	results/S2b/seed1/S/attn/task09_init027.npz
18333289	results/S2b/seed1/S/attn/task09_init028.npz
14406299	results/S2b/seed1/S/attn/task09_init029.npz
15680812	results/S2b/seed1/S/attn/task10_init020.npz
18967995	results/S2b/seed1/S/attn/task10_init021.npz
16343931	results/S2b/seed1/S/attn/task10_init022.npz
16980273	results/S2b/seed1/S/attn/task10_init023.npz
15688739	results/S2b/seed1/S/attn/task10_init024.npz
15028170	results/S2b/seed1/S/attn/task10_init025.npz
15028861	results/S2b/seed1/S/attn/task10_init026.npz
18282924	results/S2b/seed1/S/attn/task10_init027.npz
17648754	results/S2b/seed1/S/attn/task10_init028.npz
28735003	results/S2b/seed1/S/attn/task10_init029.npz
12435933	results/S2b/seed1/S/attn/task11_init020.npz
12428483	results/S2b/seed1/S/attn/task11_init021.npz
12445796	results/S2b/seed1/S/attn/task11_init022.npz
12439847	results/S2b/seed1/S/attn/task11_init023.npz
22256075	results/S2b/seed1/S/attn/task11_init024.npz
11789559	results/S2b/seed1/S/attn/task11_init025.npz
11800866	results/S2b/seed1/S/attn/task11_init026.npz
12433812	results/S2b/seed1/S/attn/task11_init027.npz
12448323	results/S2b/seed1/S/attn/task11_init028.npz
13097960	results/S2b/seed1/S/attn/task11_init029.npz
15711360	results/S2b/seed1/S/attn/task12_init020.npz
15710119	results/S2b/seed1/S/attn/task12_init021.npz
15054909	results/S2b/seed1/S/attn/task12_init022.npz
14397211	results/S2b/seed1/S/attn/task12_init023.npz
17012354	results/S2b/seed1/S/attn/task12_init024.npz
20302208	results/S2b/seed1/S/attn/task12_init025.npz
11133126	results/S2b/seed1/S/attn/task12_init026.npz
15056891	results/S2b/seed1/S/attn/task12_init027.npz
14405103	results/S2b/seed1/S/attn/task12_init028.npz
16371298	results/S2b/seed1/S/attn/task12_init029.npz
14427	results/S2b/seed1/S/client.log
14427	results/S2b/seed1.S.driver.log
31268107	results/S2b/seed1/S/episodes.jsonl
3315	results/S2b/seed1/S/manifest.json
2237	results/S2b/seed1/S/server.log
